[{"model": "sessions.session", "pk": "1hdzelbpzi3hkl71syahi608812q4hy8", "fields": {"session_data": ".eJxVjDsOwjAQBe_iGlnZzeIPJX3OEO36gwPIkeKkQtwdIqWA9s3Me6mRt7WMW0vLOEV1Ub06_W7C4ZHqDuKd623WYa7rMoneFX3Qpoc5puf1cP8OCrfyrQ14dLEj6hNZMhwcJp-dQcIcAFmceDEmOQRhm0ksAAP7M3RWsO_U-wPEcTcJ:1varuj:a61Ez0PrKqJD33F6uWDU7ql0Gg2OTaPffUuAkfHvrpg", "expire_date": "2026-01-14T08:50:41.973Z"}}, {"model": "sessions.session", "pk": "6rudt2xiy2bmh9dcrm8z5gb0f0j090tj", "fields": {"session_data": ".eJxVjEEOwiAQRe_C2hA6wAAu3XsGwjBUqoYmpV0Z765NutDtf-_9l4hpW2vcelnixOIsQJx-N0r5UdoO-J7abZZ5busykdwVedAurzOX5-Vw_w5q6vVbK-WBQlGj84jAbNAWVAbYo8OALhvWw2BJMwatC2GwGZKBMWUyTF68P7nzN1A:1varug:FNHT0YpJCsejZM8EXJBQx2FmJwqsZly6-OUneJ22-ok", "expire_date": "2026-01-14T08:50:38.353Z"}}, {"model": "sessions.session", "pk": "a20k82z518gwoq908i07evs9fk5xi1nw", "fields": {"session_data": ".eJxVjDsOwjAQBe_iGlnxrn-hpOcM1sZe4wCypTipEHeHSCmgfTPzXiLQtpawdV7CnMRZWHH63SaKD647SHeqtyZjq-syT3JX5EG7vLbEz8vh_h0U6uVbR2AL1ltUzDYjZTSawbBGQGfygJkGp5RNCN4kGMERDs6n7LSnUUfx_gDIjDbv:1vbG7D:ndOHPYZpdPESTPGJdEM5BiNJJgw46oNS20FgekH-oms", "expire_date": "2026-01-15T10:41:11.794Z"}}, {"model": "sessions.session", "pk": "ls3vjthwdxxjb0kk79eqqcrt8a9xip4x", "fields": {"session_data": ".eJxVjDsOwjAQBe_iGlnexfbGlPQ5g7X-4QBypDipEHeHSCmgfTPzXsLztla_9bz4KYmLIHH63QLHR247SHdut1nGua3LFOSuyIN2Oc4pP6-H-3dQuddvDc6qWAIMAcgRuILpjKUYREIbCDQX7SIiKxMVYdBswXB0OSUanAbx_gDLuzdF:1vatRP:L1Tsi118_CSVOIIVvgV1q-vmRzxM8kh0IjLpZIBavbg", "expire_date": "2026-01-14T10:28:31.997Z"}}, {"model": "sessions.session", "pk": "oxzf74chf83t4moaoi85v6f1g3xl89x1", "fields": {"session_data": ".eJxVjEEOwiAQRe_C2hBKKTAu3XsGMjCDVA0kpV0Z765NutDtf-_9lwi4rSVsnZcwkziLQZx-t4jpwXUHdMd6azK1ui5zlLsiD9rltRE_L4f7d1Cwl29tTZoUjI4RbDbKRbLEkTxb8Bo0eU_WaLYZDfM4uBQxT6w0gwMCTOL9AesNOIo:1varui:Ix3te4fDMT6TFDpeEr-rDDbKJOYtWnhXEvAE72W-frQ", "expire_date": "2026-01-14T08:50:40.349Z"}}, {"model": "sessions.session", "pk": "plmr8olpqslibeutbpcqwe8p064uoorx", "fields": {"session_data": ".eJxVjDsOwjAQBe_iGlnxrn-hpOcM1sZe4wCypTipEHeHSCmgfTPzXiLQtpawdV7CnMRZWHH63SaKD647SHeqtyZjq-syT3JX5EG7vLbEz8vh_h0U6uVbR2AL1ltUzDYjZTSawbBGQGfygJkGp5RNCN4kGMERDs6n7LSnUUfx_gDIjDbv:1vbG9w:Osm_AANGQ_K14_De2Sfp_cAHe09Le54yJq4jJjHTHv4", "expire_date": "2026-01-15T10:44:00.072Z"}}, {"model": "accounts.user", "pk": 1, "fields": {"password": "pbkdf2_sha256$1200000$xO0lK7cZh6OMGzOgPckLzk$SVcc32QHuI6xRMEjxlZW9bi8WjJT9uGGpURUo1L6Mk0=", "last_login": "2025-12-31T08:50:40.348Z", "is_superuser": false, "first_name": "John", "last_name": "Tutor", "is_staff": false, "is_active": true, "date_joined": "2025-12-31T08:48:26.796Z", "email": "tutor@test.com", "role": "TUTOR", "is_email_verified": true, "verification_code": null, "verification_code_expires_at": null, "created_at": "2025-12-31T08:48:26.886Z", "updated_at": "2025-12-31T08:48:26.886Z", "groups": [], "user_permissions": []}}, {"model": "accounts.user", "pk": 2, "fields": {"password": "pbkdf2_sha256$1200000$bCQBmAAJZQbf7Acfpjvbxe$nFZnVTbJaU9hNkuEaUd9ryff3uumEygbUW8U295MIu0=", "last_login": "2025-12-31T08:50:47.175Z", "is_superuser": false, "first_name": "Jane", "last_name": "Student", "is_staff": false, "is_active": true, "date_joined": "2025-12-31T08:48:26.890Z", "email": "student@test.com", "role": "STUDENT", "is_email_verified": true, "verification_code": null, "verification_code_expires_at": null, "created_at": "2025-12-31T08:48:26.980Z", "updated_at": "2025-12-31T08:48:26.980Z", "groups": [], "user_permissions": []}}, {"model": "accounts.user", "pk": 3, "fields": {"password": "pbkdf2_sha256$1200000$tna1R2KrNafUt5aiIJlNQa$Km8bUMgu2VIoG0EXs7hUhNSmjjw9qbhP37FyGf2ReZc=", "last_login": "2025-12-31T08:50:41.973Z", "is_superuser": false, "first_name": "Bob", "last_name": "Parent", "is_staff": false, "is_active": true, "date_joined": "2025-12-31T08:48:26.981Z", "email": "parent@test.com", "role": "PARENT", "is_email_verified": true, "verification_code": null, "verification_code_expires_at": null, "created_at": "2025-12-31T08:48:27.072Z", "updated_at": "2025-12-31T08:48:27.072Z", "groups": [], "user_permissions": []}}, {"model": "accounts.user", "pk": 5, "fields": {"password": "pbkdf2_sha256$1200000$A8lDyJh36p3VtX1zlUxIfH$ceOBltsg2uKrDt/Ndg0W7Qri69ufnI2Xgv1qgYc9RGU=", "last_login": null, "is_superuser": false, "first_name": "nitwit", "last_name": "tutor", "is_staff": false, "is_active": true, "date_joined": "2025-12-31T10:19:27.341Z", "email": "nitwitgaming69@gmail.com", "role": "TUTOR", "is_email_verified": false, "verification_code": "975703", "verification_code_expires_at": "2025-12-31T10:36:06.445Z", "created_at": "2025-12-31T10:19:27.442Z", "updated_at": "2025-12-31T10:21:06.445Z", "groups": [], "user_permissions": []}}, {"model": "accounts.user", "pk": 6, "fields": {"password": "pbkdf2_sha256$1200000$uYmo5QXZWeBYxbnFGmCsAv$eg/JE4V1UXmhgToBoaf65Qhj5vLkugq4grjv587ja5s=", "last_login": "2026-01-01T10:44:00.070Z", "is_superuser": false, "first_name": "nitwit", "last_name": "tutor", "is_staff": false, "is_active": true, "date_joined": "2025-12-31T10:23:50.696Z", "email": "nithila.20200286@iit.ac.lk", "role": "TUTOR", "is_email_verified": true, "verification_code": null, "verification_code_expires_at": null, "created_at": "2025-12-31T10:23:50.806Z", "updated_at": "2025-12-31T10:24:13.466Z", "groups": [], "user_permissions": []}}, {"model": "accounts.user", "pk": 7, "fields": {"password": "pbkdf2_sha256$1200000$UpGBZg5afDUvis7p52FA1l$jkVZDyjiSmwUW4AF2RF4OeJoBnhIDl8bTWB9eClTT8c=", "last_login": "2026-01-01T07:18:24.942Z", "is_superuser": false, "first_name": "Nithila", "last_name": "Ariyapperuma", "is_staff": false, "is_active": true, "date_joined": "2025-12-31T10:28:18.642Z", "email": "nithila7777@gmail.com", "role": "STUDENT", "is_email_verified": true, "verification_code": null, "verification_code_expires_at": null, "created_at": "2025-12-31T10:28:18.761Z", "updated_at": "2025-12-31T10:28:31.990Z", "groups": [], "user_permissions": []}}, {"model": "tutoring.tutorprofile", "pk": 1, "fields": {"user": 6, "bio": "test", "hourly_rate": "25.00", "subjects": ["algebra"], "grades_taught": ["year_9"], "qualifications": "test", "profile_image": "", "is_available_for_instant": false, "is_profile_complete": true, "total_sessions": 2, "total_hours": "2.00", "average_rating": "0.00", "total_reviews": 0, "total_earnings": "50.00", "stripe_account_id": "", "created_at": "2025-12-31T10:24:13.508Z", "updated_at": "2026-01-01T11:18:51.303Z"}}, {"model": "tutoring.tutorprofile", "pk": 2, "fields": {"user": 1, "bio": "", "hourly_rate": "25.00", "subjects": [], "grades_taught": [], "qualifications": "", "profile_image": "", "is_available_for_instant": false, "is_profile_complete": false, "total_sessions": 0, "total_hours": "0.00", "average_rating": "0.00", "total_reviews": 0, "total_earnings": "0.00", "stripe_account_id": "", "created_at": "2025-12-31T10:53:16.566Z", "updated_at": "2025-12-31T10:53:16.566Z"}}, {"model": "tutoring.tutorprofile", "pk": 3, "fields": {"user": 5, "bio": "", "hourly_rate": "25.00", "subjects": [], "grades_taught": [], "qualifications": "", "profile_image": "", "is_available_for_instant": false, "is_profile_complete": false, "total_sessions": 0, "total_hours": "0.00", "average_rating": "0.00", "total_reviews": 0, "total_earnings": "0.00", "stripe_account_id": "", "created_at": "2025-12-31T10:53:16.567Z", "updated_at": "2025-12-31T10:53:16.567Z"}}, {"model": "tutoring.studentprofile", "pk": 1, "fields": {"user": 2, "current_grade": "year_8", "subjects_needed": ["algebra"], "learning_goals": "", "profile_image": "", "is_profile_complete": true, "total_sessions": 0, "total_hours": "0.00", "created_at": "2025-12-31T10:11:43.091Z", "updated_at": "2025-12-31T10:15:39.990Z"}}, {"model": "tutoring.studentprofile", "pk": 2, "fields": {"user": 7, "current_grade": "year_9", "subjects_needed": ["algebra"], "learning_goals": "", "profile_image": "", "is_profile_complete": true, "total_sessions": 2, "total_hours": "2.00", "created_at": "2025-12-31T10:28:32.021Z", "updated_at": "2026-01-01T10:56:08.213Z"}}, {"model": "tutoring.session", "pk": "0a080c01-ef38-4501-8bbb-6f83c5b48b68", "fields": {"tutor": 6, "student": 7, "scheduled_time": "2026-01-01T10:35:59.659Z", "duration": 60, "topic": "Algebra - Year 9", "notes": "", "status": "completed", "meeting_link": "https://meet.jit.si/mathmentor-0a080c01-ef38-4501-8bbb-6f83c5b48b68-1767263759", "price": "25.00", "stripe_payment_intent_id": "", "stripe_checkout_session_id": "", "is_instant": true, "created_at": "2026-01-01T10:35:59.660Z", "updated_at": "2026-01-01T10:36:10.255Z"}}, {"model": "tutoring.session", "pk": "0c1b16d5-d007-4ce6-ae18-9595dc9d9007", "fields": {"tutor": 6, "student": 7, "scheduled_time": "2026-01-01T10:48:30.311Z", "duration": 60, "topic": "Algebra - Year 9", "notes": "", "status": "completed", "meeting_link": "https://meet.jit.si/mathmentor-0c1b16d5-d007-4ce6-ae18-9595dc9d9007-1767264510", "price": "25.00", "stripe_payment_intent_id": "", "stripe_checkout_session_id": "", "is_instant": true, "created_at": "2026-01-01T10:48:30.312Z", "updated_at": "2026-01-01T10:52:16.792Z"}}, {"model": "tutoring.session", "pk": "0f10b201-0a2d-404a-9b0b-00828869ef9a", "fields": {"tutor": 6, "student": 7, "scheduled_time": "2026-01-01T09:23:25.524Z", "duration": 60, "topic": "Algebra - Year 9", "notes": "", "status": "completed", "meeting_link": "https://meet.jit.si/mathmentor-0f10b201-0a2d-404a-9b0b-00828869ef9a-1767259405", "price": "25.00", "stripe_payment_intent_id": "", "stripe_checkout_session_id": "", "is_instant": true, "created_at": "2026-01-01T09:23:25.525Z", "updated_at": "2026-01-01T09:31:28.941Z"}}, {"model": "tutoring.session", "pk": "21dd5bd3-be3f-4a76-a5e4-a7902a7adee1", "fields": {"tutor": 6, "student": 7, "scheduled_time": "2025-12-31T11:09:08.367Z", "duration": 60, "topic": "Algebra - Year 9", "notes": "", "status": "completed", "meeting_link": "https://meet.jit.si/mathmentor-21dd5bd3-be3f-4a76-a5e4-a7902a7adee1-1767179348", "price": "25.00", "stripe_payment_intent_id": "", "stripe_checkout_session_id": "", "is_instant": true, "created_at": "2025-12-31T11:09:08.368Z", "updated_at": "2025-12-31T11:09:26.918Z"}}, {"model": "tutoring.session", "pk": "2ff8556e-2a98-460b-85ed-f42e8ebc2db8", "fields": {"tutor": 6, "student": 7, "scheduled_time": "2025-12-31T10:36:36.699Z", "duration": 60, "topic": "Algebra - Year 9", "notes": "", "status": "completed", "meeting_link": "https://meet.jit.si/mathmentor-2ff8556e-2a98-460b-85ed-f42e8ebc2db8-1767177396", "price": "25.00", "stripe_payment_intent_id": "", "stripe_checkout_session_id": "", "is_instant": true, "created_at": "2025-12-31T10:36:36.699Z", "updated_at": "2025-12-31T10:50:27.602Z"}}, {"model": "tutoring.session", "pk": "5a9b3b18-648c-42d4-bf3f-3c63ebfac1ee", "fields": {"tutor": 6, "student": 7, "scheduled_time": "2025-12-31T10:29:43.733Z", "duration": 60, "topic": "Algebra - Year 9", "notes": "", "status": "completed", "meeting_link": "https://meet.jit.si/mathmentor-5a9b3b18-648c-42d4-bf3f-3c63ebfac1ee-1767176983", "price": "25.00", "stripe_payment_intent_id": "", "stripe_checkout_session_id": "", "is_instant": true, "created_at": "2025-12-31T10:29:43.734Z", "updated_at": "2025-12-31T10:50:20.586Z"}}, {"model": "tutoring.session", "pk": "5e4494d8-eb7c-44fa-9944-9cf30cb24a1a", "fields": {"tutor": 6, "student": 7, "scheduled_time": "2026-01-01T10:54:16.624Z", "duration": 60, "topic": "Algebra - Year 9", "notes": "", "status": "completed", "meeting_link": "https://meet.jit.si/mathmentor-5e4494d8-eb7c-44fa-9944-9cf30cb24a1a-1767264856", "price": "25.00", "stripe_payment_intent_id": "", "stripe_checkout_session_id": "", "is_instant": true, "created_at": "2026-01-01T10:54:16.624Z", "updated_at": "2026-01-01T10:54:24.401Z"}}, {"model": "tutoring.session", "pk": "967c32d1-d59d-428e-9dca-88be0034c77c", "fields": {"tutor": 6, "student": 7, "scheduled_time": "2026-01-01T10:55:58.791Z", "duration": 60, "topic": "Algebra - Year 9", "notes": "", "status": "completed", "meeting_link": "https://meet.jit.si/mathmentor-967c32d1-d59d-428e-9dca-88be0034c77c-1767264958", "price": "25.00", "stripe_payment_intent_id": "", "stripe_checkout_session_id": "", "is_instant": true, "created_at": "2026-01-01T10:55:58.791Z", "updated_at": "2026-01-01T10:56:08.208Z"}}, {"model": "tutoring.session", "pk": "a1ec8686-164d-4123-ba38-eec302deaccc", "fields": {"tutor": 6, "student": 7, "scheduled_time": "2025-12-31T11:01:00Z", "duration": 60, "topic": "Algebra", "notes": "", "status": "cancelled", "meeting_link": "https://meet.jit.si/mathmentor-a1ec8686-164d-4123-ba38-eec302deaccc", "price": "25.00", "stripe_payment_intent_id": "", "stripe_checkout_session_id": "", "is_instant": false, "created_at": "2025-12-31T10:58:15.112Z", "updated_at": "2025-12-31T11:23:59.607Z"}}, {"model": "tutoring.session", "pk": "ba97c47b-890d-4b6e-a1f4-05d0d277de74", "fields": {"tutor": 6, "student": 7, "scheduled_time": "2026-01-01T09:19:10.043Z", "duration": 60, "topic": "Algebra - Year 9", "notes": "", "status": "completed", "meeting_link": "https://meet.jit.si/mathmentor-ba97c47b-890d-4b6e-a1f4-05d0d277de74-1767259150", "price": "25.00", "stripe_payment_intent_id": "", "stripe_checkout_session_id": "", "is_instant": true, "created_at": "2026-01-01T09:19:10.045Z", "updated_at": "2026-01-01T09:20:10.620Z"}}, {"model": "tutoring.session", "pk": "bc3739c1-987a-4831-9018-86c95950c446", "fields": {"tutor": 6, "student": 7, "scheduled_time": "2026-01-01T11:02:00Z", "duration": 60, "topic": "algebra", "notes": "", "status": "confirmed", "meeting_link": "https://meet.jit.si/mathmentor-bc3739c1-987a-4831-9018-86c95950c446", "price": "25.00", "stripe_payment_intent_id": "", "stripe_checkout_session_id": "", "is_instant": false, "created_at": "2026-01-01T10:59:40.830Z", "updated_at": "2026-01-01T10:59:54.624Z"}}, {"model": "tutoring.session", "pk": "d65921e9-c47d-4f70-ae31-683e5fdf3af2", "fields": {"tutor": 6, "student": 7, "scheduled_time": "2025-12-31T11:12:00Z", "duration": 60, "topic": "Algebra", "notes": "", "status": "cancelled", "meeting_link": "https://meet.jit.si/mathmentor-d65921e9-c47d-4f70-ae31-683e5fdf3af2", "price": "25.00", "stripe_payment_intent_id": "", "stripe_checkout_session_id": "", "is_instant": false, "created_at": "2025-12-31T11:10:02.295Z", "updated_at": "2025-12-31T11:24:01.653Z"}}, {"model": "tutoring.session", "pk": "fce7d3f1-6fb6-4164-9e10-fa607bd6f334", "fields": {"tutor": 6, "student": 2, "scheduled_time": "2025-01-02T14:00:00Z", "duration": 60, "topic": "Test Topic", "notes": "", "status": "cancelled", "meeting_link": "https://meet.jit.si/mathmentor-fce7d3f1-6fb6-4164-9e10-fa607bd6f334", "price": "25.00", "stripe_payment_intent_id": "", "stripe_checkout_session_id": "", "is_instant": false, "created_at": "2025-12-31T10:58:13.886Z", "updated_at": "2025-12-31T10:58:28.634Z"}}, {"model": "tutoring.conversation", "pk": 1, "fields": {"created_at": "2025-12-31T10:35:21.195Z", "updated_at": "2026-01-01T11:08:07.441Z", "participants": [6, 7]}}, {"model": "tutoring.message", "pk": "0a78679a-8a35-473a-85f0-cc9a34b7920a", "fields": {"conversation": 1, "sender": 7, "content": "hi", "is_read": true, "delivered_at": "2026-01-01T11:01:12.011Z", "read_at": "2026-01-01T11:02:10.939Z", "created_at": "2026-01-01T11:01:11.996Z"}}, {"model": "tutoring.message", "pk": "133c54c3-9665-4984-ae4a-3203fe699984", "fields": {"conversation": 1, "sender": 6, "content": "hi", "is_read": true, "delivered_at": null, "read_at": null, "created_at": "2026-01-01T10:33:48.878Z"}}, {"model": "tutoring.message", "pk": "2304a9df-476a-4493-9d52-64ff58ded3b4", "fields": {"conversation": 1, "sender": 7, "content": "XXX", "is_read": true, "delivered_at": null, "read_at": null, "created_at": "2025-12-31T11:24:58.636Z"}}, {"model": "tutoring.message", "pk": "2c8fafb0-0098-471f-bb90-2fccd086fed9", "fields": {"conversation": 1, "sender": 6, "content": "hi", "is_read": true, "delivered_at": null, "read_at": "2026-01-01T11:02:34.892Z", "created_at": "2026-01-01T11:02:30.293Z"}}, {"model": "tutoring.message", "pk": "2f06239f-f888-41e8-aa05-7e9e4fb5b0c3", "fields": {"conversation": 1, "sender": 6, "content": "hi", "is_read": true, "delivered_at": null, "read_at": "2026-01-01T11:01:10.257Z", "created_at": "2026-01-01T11:00:45.193Z"}}, {"model": "tutoring.message", "pk": "31688b80-07ac-4951-8f79-e80c9c9274ed", "fields": {"conversation": 1, "sender": 6, "content": "hi", "is_read": true, "delivered_at": null, "read_at": "2026-01-01T11:01:10.257Z", "created_at": "2026-01-01T11:01:06.916Z"}}, {"model": "tutoring.message", "pk": "371b9a41-5741-47fa-9c40-a16b1a2fbdb2", "fields": {"conversation": 1, "sender": 6, "content": "hi", "is_read": true, "delivered_at": "2026-01-01T11:07:38.235Z", "read_at": "2026-01-01T11:07:40.517Z", "created_at": "2026-01-01T11:07:38.230Z"}}, {"model": "tutoring.message", "pk": "37777dfd-be3b-48eb-8018-5e8a60a13584", "fields": {"conversation": 1, "sender": 7, "content": "hi", "is_read": true, "delivered_at": "2026-01-01T11:05:37.158Z", "read_at": "2026-01-01T11:06:11.694Z", "created_at": "2026-01-01T11:05:37.153Z"}}, {"model": "tutoring.message", "pk": "38983e64-8ffd-4d61-b01a-3735680b9a23", "fields": {"conversation": 1, "sender": 7, "content": "XXX", "is_read": true, "delivered_at": null, "read_at": null, "created_at": "2025-12-31T11:25:09.754Z"}}, {"model": "tutoring.message", "pk": "3d8d12a7-5e26-4668-8456-733f6aa350cf", "fields": {"conversation": 1, "sender": 6, "content": "HI", "is_read": true, "delivered_at": null, "read_at": null, "created_at": "2026-01-01T10:58:08.277Z"}}, {"model": "tutoring.message", "pk": "444ab55c-96b1-41b8-bc59-a49609a37a77", "fields": {"conversation": 1, "sender": 6, "content": "XXX", "is_read": true, "delivered_at": null, "read_at": null, "created_at": "2025-12-31T11:25:08.265Z"}}, {"model": "tutoring.message", "pk": "504cc738-280c-404f-aa06-286b2b9cf020", "fields": {"conversation": 1, "sender": 6, "content": "hi", "is_read": true, "delivered_at": "2026-01-01T11:05:40.804Z", "read_at": "2026-01-01T11:07:40.517Z", "created_at": "2026-01-01T11:05:40.789Z"}}, {"model": "tutoring.message", "pk": "62f4f19d-8f20-4c49-b7a7-7146e4f1b665", "fields": {"conversation": 1, "sender": 6, "content": "gu", "is_read": true, "delivered_at": null, "read_at": null, "created_at": "2025-12-31T11:33:04.066Z"}}, {"model": "tutoring.message", "pk": "6ba50ac9-5781-459b-9cfc-647096eb20e0", "fields": {"conversation": 1, "sender": 6, "content": "hi", "is_read": true, "delivered_at": "2026-01-01T11:08:07.445Z", "read_at": "2026-01-01T11:44:33.303Z", "created_at": "2026-01-01T11:08:07.440Z"}}, {"model": "tutoring.message", "pk": "6d890eef-976e-4c64-9c84-e0f3625302e0", "fields": {"conversation": 1, "sender": 7, "content": "hi", "is_read": true, "delivered_at": "2026-01-01T11:07:42.865Z", "read_at": "2026-01-01T11:08:01.413Z", "created_at": "2026-01-01T11:07:42.861Z"}}, {"model": "tutoring.message", "pk": "6fbcebaf-446a-4cca-9461-fd052456d402", "fields": {"conversation": 1, "sender": 7, "content": "hi", "is_read": true, "delivered_at": "2026-01-01T11:02:39.462Z", "read_at": "2026-01-01T11:04:06.109Z", "created_at": "2026-01-01T11:02:39.450Z"}}, {"model": "tutoring.message", "pk": "73401e86-77fb-48dd-97b4-d7c76c8bf64d", "fields": {"conversation": 1, "sender": 7, "content": "hi", "is_read": true, "delivered_at": null, "read_at": null, "created_at": "2026-01-01T10:49:11.926Z"}}, {"model": "tutoring.message", "pk": "806571ad-045b-4d7a-9413-c53d8714b134", "fields": {"conversation": 1, "sender": 7, "content": "XX", "is_read": true, "delivered_at": null, "read_at": null, "created_at": "2025-12-31T11:25:11.949Z"}}, {"model": "tutoring.message", "pk": "80b9cd55-10ef-4d22-89b1-9101b5181e79", "fields": {"conversation": 1, "sender": 6, "content": "XX", "is_read": true, "delivered_at": null, "read_at": null, "created_at": "2025-12-31T11:25:10.799Z"}}, {"model": "tutoring.message", "pk": "84c8b153-d283-46a6-b490-ff939555ec7e", "fields": {"conversation": 1, "sender": 6, "content": "hi", "is_read": true, "delivered_at": null, "read_at": null, "created_at": "2025-12-31T11:34:27.250Z"}}, {"model": "tutoring.message", "pk": "85800b96-94d7-4a71-8049-b56adf6e3261", "fields": {"conversation": 1, "sender": 7, "content": "XXXX", "is_read": true, "delivered_at": null, "read_at": null, "created_at": "2025-12-31T11:25:06.071Z"}}, {"model": "tutoring.message", "pk": "859b02cf-b1f1-4a70-b8a1-2046e8302be4", "fields": {"conversation": 1, "sender": 7, "content": "sup", "is_read": true, "delivered_at": null, "read_at": null, "created_at": "2026-01-01T10:58:15.367Z"}}, {"model": "tutoring.message", "pk": "9c2b7fee-7c3e-4e15-b593-4098ac935f56", "fields": {"conversation": 1, "sender": 7, "content": "X", "is_read": true, "delivered_at": null, "read_at": null, "created_at": "2025-12-31T11:25:14.479Z"}}, {"model": "tutoring.message", "pk": "9c7122ed-9cec-40f1-8f8c-254e07dc6a1f", "fields": {"conversation": 1, "sender": 7, "content": "hi", "is_read": true, "delivered_at": null, "read_at": null, "created_at": "2025-12-31T11:41:06.676Z"}}, {"model": "tutoring.message", "pk": "ae424cce-e59d-48d9-af6a-ec3524095e04", "fields": {"conversation": 1, "sender": 6, "content": "hi", "is_read": true, "delivered_at": null, "read_at": null, "created_at": "2026-01-01T10:42:55.553Z"}}, {"model": "tutoring.message", "pk": "b473e8dc-18bc-4681-ad7b-1d3c2cd2a64a", "fields": {"conversation": 1, "sender": 7, "content": "jj", "is_read": true, "delivered_at": null, "read_at": null, "created_at": "2025-12-31T11:41:10.988Z"}}, {"model": "tutoring.message", "pk": "c536cec5-3166-4d5f-820b-c46fa95821cf", "fields": {"conversation": 1, "sender": 7, "content": "hi", "is_read": true, "delivered_at": null, "read_at": null, "created_at": "2025-12-31T10:35:23.419Z"}}, {"model": "tutoring.message", "pk": "ca7d57d5-57da-494e-969c-7acbc10c5d56", "fields": {"conversation": 1, "sender": 7, "content": "hi", "is_read": true, "delivered_at": null, "read_at": null, "created_at": "2026-01-01T10:33:53.642Z"}}, {"model": "tutoring.message", "pk": "cea64a54-9a9b-42e6-8e9f-c99a659b4083", "fields": {"conversation": 1, "sender": 6, "content": "bye", "is_read": true, "delivered_at": null, "read_at": "2026-01-01T11:03:03.175Z", "created_at": "2026-01-01T11:02:49.136Z"}}, {"model": "tutoring.message", "pk": "d26c4a12-f7b0-4d82-9696-7cd432b45438", "fields": {"conversation": 1, "sender": 6, "content": "hi", "is_read": true, "delivered_at": null, "read_at": null, "created_at": "2025-12-31T11:34:23.890Z"}}, {"model": "tutoring.message", "pk": "d86f378b-a252-492a-a708-f6a639d33c15", "fields": {"conversation": 1, "sender": 6, "content": "hi", "is_read": true, "delivered_at": null, "read_at": null, "created_at": "2026-01-01T10:49:53.284Z"}}, {"model": "tutoring.message", "pk": "dbf7abb3-a955-4e7d-9e8d-7cbd8e772293", "fields": {"conversation": 1, "sender": 6, "content": "XXX", "is_read": true, "delivered_at": null, "read_at": null, "created_at": "2025-12-31T11:25:01.271Z"}}, {"model": "tutoring.message", "pk": "df6ab395-80d2-4a09-952b-aaf8545b7e0f", "fields": {"conversation": 1, "sender": 6, "content": "XXX", "is_read": true, "delivered_at": null, "read_at": null, "created_at": "2025-12-31T11:25:13.411Z"}}, {"model": "tutoring.message", "pk": "e56eec0c-04fb-4984-90d3-43a9617c9db9", "fields": {"conversation": 1, "sender": 6, "content": "hi", "is_read": true, "delivered_at": null, "read_at": "2026-01-01T11:05:32.692Z", "created_at": "2026-01-01T11:05:28.844Z"}}, {"model": "tutoring.message", "pk": "f7974ef3-453a-46f8-b058-de5ae94d8aeb", "fields": {"conversation": 1, "sender": 6, "content": "XXX", "is_read": true, "delivered_at": null, "read_at": null, "created_at": "2025-12-31T11:25:04.140Z"}}, {"model": "tutoring.instantrequest", "pk": "0056d91f-8334-412d-9b3f-7634aff3ecab", "fields": {"student": 7, "subject": "algebra", "grade": "year_9", "topic_description": "", "status": "accepted", "matched_tutor": 6, "session": "0c1b16d5-d007-4ce6-ae18-9595dc9d9007", "expires_at": "2026-01-01T10:53:28.734Z", "created_at": "2026-01-01T10:48:28.735Z", "updated_at": "2026-01-01T10:48:30.313Z", "notified_tutors": []}}, {"model": "tutoring.instantrequest", "pk": "069c1c38-d2b4-4c13-9b14-fc9417f4b717", "fields": {"student": 7, "subject": "algebra", "grade": "year_9", "topic_description": "", "status": "accepted", "matched_tutor": 6, "session": "ba97c47b-890d-4b6e-a1f4-05d0d277de74", "expires_at": "2026-01-01T09:24:00.350Z", "created_at": "2026-01-01T09:19:00.352Z", "updated_at": "2026-01-01T09:19:10.048Z", "notified_tutors": []}}, {"model": "tutoring.instantrequest", "pk": "0c7bd464-7a90-42db-9497-50efeffe2262", "fields": {"student": 7, "subject": "algebra", "grade": "year_9", "topic_description": "", "status": "searching", "matched_tutor": null, "session": null, "expires_at": "2026-01-01T07:46:31.010Z", "created_at": "2026-01-01T07:41:31.012Z", "updated_at": "2026-01-01T07:41:31.012Z", "notified_tutors": []}}, {"model": "tutoring.instantrequest", "pk": "11ea9dda-d8bf-4bca-b42f-9b281a977400", "fields": {"student": 7, "subject": "algebra", "grade": "year_9", "topic_description": "", "status": "searching", "matched_tutor": null, "session": null, "expires_at": "2026-01-01T07:42:24.004Z", "created_at": "2026-01-01T07:37:24.009Z", "updated_at": "2026-01-01T07:37:24.009Z", "notified_tutors": []}}, {"model": "tutoring.instantrequest", "pk": "25b30430-d25a-42b6-bf35-0d35b67405bd", "fields": {"student": 7, "subject": "algebra", "grade": "year_9", "topic_description": "", "status": "cancelled", "matched_tutor": null, "session": null, "expires_at": "2026-01-01T07:31:39.010Z", "created_at": "2026-01-01T07:26:39.012Z", "updated_at": "2026-01-01T07:26:39.012Z", "notified_tutors": [6]}}, {"model": "tutoring.instantrequest", "pk": "263da3a0-ae60-47b5-a07f-421dcb3cae84", "fields": {"student": 7, "subject": "algebra", "grade": "year_9", "topic_description": "", "status": "cancelled", "matched_tutor": null, "session": null, "expires_at": "2026-01-01T07:44:50.870Z", "created_at": "2026-01-01T07:39:50.872Z", "updated_at": "2026-01-01T07:39:50.872Z", "notified_tutors": [6]}}, {"model": "tutoring.instantrequest", "pk": "3c8fcecf-992e-4912-bc3c-411b7f9d3682", "fields": {"student": 7, "subject": "algebra", "grade": "year_9", "topic_description": "", "status": "cancelled", "matched_tutor": null, "session": null, "expires_at": "2026-01-01T10:51:43.556Z", "created_at": "2026-01-01T10:46:43.558Z", "updated_at": "2026-01-01T10:46:46.562Z", "notified_tutors": []}}, {"model": "tutoring.instantrequest", "pk": "3ddd7f48-8c8c-4b88-9730-c36ad5eb2bf9", "fields": {"student": 7, "subject": "algebra", "grade": "year_9", "topic_description": "", "status": "cancelled", "matched_tutor": null, "session": null, "expires_at": "2026-01-01T10:33:14.101Z", "created_at": "2026-01-01T10:28:14.103Z", "updated_at": "2026-01-01T10:28:14.103Z", "notified_tutors": []}}, {"model": "tutoring.instantrequest", "pk": "43387051-62be-4002-a1bc-8918557bcdbf", "fields": {"student": 7, "subject": "algebra", "grade": "year_9", "topic_description": "", "status": "cancelled", "matched_tutor": null, "session": null, "expires_at": "2026-01-01T07:44:08.853Z", "created_at": "2026-01-01T07:39:08.854Z", "updated_at": "2026-01-01T07:39:08.854Z", "notified_tutors": []}}, {"model": "tutoring.instantrequest", "pk": "5fe8e7e2-3768-4998-bd06-512771705357", "fields": {"student": 7, "subject": "algebra", "grade": "year_9", "topic_description": "", "status": "cancelled", "matched_tutor": null, "session": null, "expires_at": "2025-12-31T10:41:24.720Z", "created_at": "2025-12-31T10:36:24.721Z", "updated_at": "2025-12-31T10:36:24.721Z", "notified_tutors": []}}, {"model": "tutoring.instantrequest", "pk": "674aa8c4-aa95-4647-a8b4-89167c26cf9d", "fields": {"student": 2, "subject": "geometry", "grade": "year_8", "topic_description": "", "status": "searching", "matched_tutor": null, "session": null, "expires_at": "2025-12-31T10:20:51.886Z", "created_at": "2025-12-31T10:15:51.887Z", "updated_at": "2025-12-31T10:15:51.887Z", "notified_tutors": []}}, {"model": "tutoring.instantrequest", "pk": "6bba7e47-4732-4a35-96e1-e07441fbfcd3", "fields": {"student": 7, "subject": "algebra", "grade": "year_9", "topic_description": "", "status": "cancelled", "matched_tutor": null, "session": null, "expires_at": "2026-01-01T10:37:53.770Z", "created_at": "2026-01-01T10:32:53.772Z", "updated_at": "2026-01-01T10:32:53.772Z", "notified_tutors": []}}, {"model": "tutoring.instantrequest", "pk": "7087fe57-3d97-48b2-856c-05fd49c4a0ee", "fields": {"student": 7, "subject": "algebra", "grade": "year_9", "topic_description": "", "status": "accepted", "matched_tutor": 6, "session": "5a9b3b18-648c-42d4-bf3f-3c63ebfac1ee", "expires_at": "2025-12-31T10:34:39.359Z", "created_at": "2025-12-31T10:29:39.362Z", "updated_at": "2025-12-31T10:29:43.736Z", "notified_tutors": []}}, {"model": "tutoring.instantrequest", "pk": "71733c91-927a-4053-806c-150fe636714e", "fields": {"student": 7, "subject": "algebra", "grade": "year_9", "topic_description": "", "status": "cancelled", "matched_tutor": null, "session": null, "expires_at": "2025-12-31T11:13:53.264Z", "created_at": "2025-12-31T11:08:53.266Z", "updated_at": "2025-12-31T11:08:53.266Z", "notified_tutors": []}}, {"model": "tutoring.instantrequest", "pk": "76516579-a673-4515-b6de-0deec8e8eb99", "fields": {"student": 7, "subject": "algebra", "grade": "year_9", "topic_description": "", "status": "accepted", "matched_tutor": 6, "session": "967c32d1-d59d-428e-9dca-88be0034c77c", "expires_at": "2026-01-01T11:00:56.676Z", "created_at": "2026-01-01T10:55:56.678Z", "updated_at": "2026-01-01T10:55:58.793Z", "notified_tutors": []}}, {"model": "tutoring.instantrequest", "pk": "77502a74-6b6c-418f-9945-56634ca06ad1", "fields": {"student": 7, "subject": "algebra", "grade": "year_9", "topic_description": "", "status": "cancelled", "matched_tutor": null, "session": null, "expires_at": "2026-01-01T10:40:44.833Z", "created_at": "2026-01-01T10:35:44.834Z", "updated_at": "2026-01-01T10:35:44.834Z", "notified_tutors": []}}, {"model": "tutoring.instantrequest", "pk": "9d364d23-8c81-49d1-b0d2-560bce38a701", "fields": {"student": 7, "subject": "algebra", "grade": "year_9", "topic_description": "", "status": "cancelled", "matched_tutor": null, "session": null, "expires_at": "2026-01-01T10:51:41.630Z", "created_at": "2026-01-01T10:46:41.632Z", "updated_at": "2026-01-01T10:46:42.563Z", "notified_tutors": []}}, {"model": "tutoring.instantrequest", "pk": "a0149f55-defb-4ac8-8617-b8b7012448f8", "fields": {"student": 7, "subject": "algebra", "grade": "year_9", "topic_description": "", "status": "accepted", "matched_tutor": 6, "session": "21dd5bd3-be3f-4a76-a5e4-a7902a7adee1", "expires_at": "2025-12-31T11:14:06.428Z", "created_at": "2025-12-31T11:09:06.430Z", "updated_at": "2025-12-31T11:09:08.369Z", "notified_tutors": []}}, {"model": "tutoring.instantrequest", "pk": "a5627610-6ef5-4142-8f3f-a42b69ec29c0", "fields": {"student": 7, "subject": "algebra", "grade": "year_9", "topic_description": "", "status": "accepted", "matched_tutor": 6, "session": "0a080c01-ef38-4501-8bbb-6f83c5b48b68", "expires_at": "2026-01-01T10:40:58.198Z", "created_at": "2026-01-01T10:35:58.200Z", "updated_at": "2026-01-01T10:35:59.662Z", "notified_tutors": []}}, {"model": "tutoring.instantrequest", "pk": "a8376418-b0bf-45d5-b476-0a2dc847b0eb", "fields": {"student": 7, "subject": "algebra", "grade": "year_9", "topic_description": "", "status": "cancelled", "matched_tutor": null, "session": null, "expires_at": "2026-01-01T10:51:47.338Z", "created_at": "2026-01-01T10:46:47.339Z", "updated_at": "2026-01-01T10:46:48.211Z", "notified_tutors": []}}, {"model": "tutoring.instantrequest", "pk": "abcc3a08-6a43-459d-83ca-fe686611ecad", "fields": {"student": 7, "subject": "algebra", "grade": "year_9", "topic_description": "", "status": "accepted", "matched_tutor": 6, "session": "0f10b201-0a2d-404a-9b0b-00828869ef9a", "expires_at": "2026-01-01T09:28:22.966Z", "created_at": "2026-01-01T09:23:22.967Z", "updated_at": "2026-01-01T09:23:25.527Z", "notified_tutors": []}}, {"model": "tutoring.instantrequest", "pk": "c091da73-09d4-498f-b958-a42055abe4de", "fields": {"student": 7, "subject": "algebra", "grade": "year_9", "topic_description": "", "status": "cancelled", "matched_tutor": null, "session": null, "expires_at": "2026-01-01T10:51:10.709Z", "created_at": "2026-01-01T10:46:10.710Z", "updated_at": "2026-01-01T10:46:12.663Z", "notified_tutors": []}}, {"model": "tutoring.instantrequest", "pk": "cfcaa99a-cab3-4b4a-9d8d-2176f7a9f58e", "fields": {"student": 7, "subject": "algebra", "grade": "year_9", "topic_description": "", "status": "searching", "matched_tutor": null, "session": null, "expires_at": "2026-01-01T07:31:48.289Z", "created_at": "2026-01-01T07:26:48.290Z", "updated_at": "2026-01-01T07:26:48.290Z", "notified_tutors": []}}, {"model": "tutoring.instantrequest", "pk": "d1a08636-57e7-4896-9db5-24efd24eb02c", "fields": {"student": 7, "subject": "algebra", "grade": "year_9", "topic_description": "", "status": "cancelled", "matched_tutor": null, "session": null, "expires_at": "2026-01-01T10:41:28.581Z", "created_at": "2026-01-01T10:36:28.583Z", "updated_at": "2026-01-01T10:36:28.583Z", "notified_tutors": []}}, {"model": "tutoring.instantrequest", "pk": "d45eb9a9-7dc4-4152-bb55-6d93da0098b6", "fields": {"student": 7, "subject": "algebra", "grade": "year_9", "topic_description": "", "status": "cancelled", "matched_tutor": null, "session": null, "expires_at": "2025-12-31T10:33:52.087Z", "created_at": "2025-12-31T10:28:52.088Z", "updated_at": "2025-12-31T10:28:52.088Z", "notified_tutors": []}}, {"model": "tutoring.instantrequest", "pk": "e660a660-515c-480b-ba7b-42c7bece0355", "fields": {"student": 7, "subject": "algebra", "grade": "year_9", "topic_description": "", "status": "cancelled", "matched_tutor": null, "session": null, "expires_at": "2026-01-01T10:51:16.021Z", "created_at": "2026-01-01T10:46:16.022Z", "updated_at": "2026-01-01T10:46:18.200Z", "notified_tutors": []}}, {"model": "tutoring.instantrequest", "pk": "e71cdaee-288f-4da0-8d3e-ee29b2ad1a7a", "fields": {"student": 7, "subject": "algebra", "grade": "year_9", "topic_description": "", "status": "accepted", "matched_tutor": 6, "session": "2ff8556e-2a98-460b-85ed-f42e8ebc2db8", "expires_at": "2025-12-31T10:41:34.788Z", "created_at": "2025-12-31T10:36:34.789Z", "updated_at": "2025-12-31T10:36:36.701Z", "notified_tutors": []}}, {"model": "tutoring.instantrequest", "pk": "f8310eb7-0964-497b-adf9-a8c3969d1659", "fields": {"student": 7, "subject": "algebra", "grade": "year_9", "topic_description": "", "status": "accepted", "matched_tutor": 6, "session": "5e4494d8-eb7c-44fa-9944-9cf30cb24a1a", "expires_at": "2026-01-01T10:59:15.055Z", "created_at": "2026-01-01T10:54:15.056Z", "updated_at": "2026-01-01T10:54:16.626Z", "notified_tutors": []}}, {"model": "tutoring.tutoravailability", "pk": 1, "fields": {"tutor": 6, "day_of_week": 2, "start_time": "08:00:00", "end_time": "17:00:00", "is_active": true}}]